<?xml version="1.0" encoding="UTF-8" standalone="yes"?>
<rss xmlns:sparkle="http://www.andymatuschak.org/xml-namespaces/sparkle" xmlns:dc="http://purl.org/dc/elements/1.1/" version="2.0">
  <channel>
    <item>
      <enclosure url="https://github.com/MengTo/Angle-Sketch-Plugin/releases/download/v1.1.5/Angle.sketchplugin.zip" sparkle:version="1.1.5"/>
    </item>
    <item>
      <enclosure url="https://github.com/MengTo/Angle-Sketch-Plugin/releases/download/v1.1.4/Angle.sketchplugin.zip" sparkle:version="1.1.4"/>
    </item>
    <item>
      <enclosure url="https://github.com/MengTo/Angle-Sketch-Plugin/releases/download/v1.1.3/Angle.sketchplugin.zip" sparkle:version="1.1.3"/>
    </item>
    <item>
      <enclosure url="https://github.com/MengTo/Angle-Sketch-Plugin/releases/download/v1.1.2/Angle.sketchplugin.zip" sparkle:version="1.1.2"/>
    </item>
    <item>
      <enclosure url="https://github.com/MengTo/Angle-Sketch-Plugin/releases/download/v1.1.1/Angle.sketchplugin.zip" sparkle:version="1.1.1"/>
    </item>
    <item>
      <enclosure url="https://github.com/MengTo/Angle-Sketch-Plugin/releases/download/v1.1.0/Angle.sketchplugin.zip" sparkle:version="1.1.0"/>
    </item>
    <item>
      <enclosure url="https://github.com/MengTo/Angle-Sketch-Plugin/releases/download/v1.0.7/Angle.sketchplugin.zip" sparkle:version="1.0.7"/>
    </item>
    <item>
      <enclosure url="https://github.com/MengTo/Angle-Sketch-Plugin/releases/download/v1.0.6/Angle.sketchplugin.zip" sparkle:version="1.0.6"/>
    </item>
    <item>
      <enclosure url="https://github.com/MengTo/Angle-Sketch-Plugin/releases/download/v1.0.5/Angle.sketchplugin.zip" sparkle:version="1.0.5"/>
    </item>
    <item>
      <enclosure url="https://github.com/MengTo/Angle-Sketch-Plugin/releases/download/v1.0.4/Angle.sketchplugin.zip" sparkle:version="1.0.4"/>
    </item>
    <item>
      <enclosure url="https://github.com/MengTo/Angle-Sketch-Plugin/releases/download/v1.0.3/Angle.sketchplugin.zip" sparkle:version="1.0.3"/>
    </item>
    <item>
      <enclosure url="https://github.com/MengTo/Angle-Sketch-Plugin/releases/download/v1.0.2/Angle.sketchplugin.zip" sparkle:version="1.0.2"/>
    </item>
    <item>
      <enclosure url="https://github.com/MengTo/Angle-Sketch-Plugin/releases/download/v1.0.1/Angle.sketchplugin.zip" sparkle:version="1.0.1"/>
    </item>
    <item>
      <enclosure url="https://github.com/MengTo/Angle-Sketch-Plugin/releases/download/v1.0.0/Angle.sketchplugin.zip" sparkle:version="1.0.0"/>
    </item>
  </channel>
</rss>